n,baseline_seconds,optimized_seconds
1000,0.08112709732570995,0.002005639330794414
5000,,0.008071083653097352
10000,,0.01613748634311681
50000,,0.09397472198664521
100000,,0.2154258606606163
