n,baseline_seconds,optimized_seconds
1000,0.07925263898990427,0.014786680675266931
5000,,0.07915888899394001
10000,,0.17006858331539357
50000,,0.9705305553119009
100000,,2.088191930670291
